title,price,release,link
game,Free,"7 Dec, 2026",https://store.steampowered.com/app/1372870/game/?snr=1_7_7_151_150_1
Counter-Strike: Global Offensive,Free to Play,"21 Aug, 2012",https://store.steampowered.com/app/730/CounterStrike_Global_Offensive/?snr=1_7_7_151_150_1
Occupy Mars: The Game,$12.49,"10 May, 2023",https://store.steampowered.com/app/758690/Occupy_Mars_The_Game/?snr=1_7_7_151_150_1
Destiny 2,Free To Play,"1 Oct, 2019",https://store.steampowered.com/app/1085660/Destiny_2/?snr=1_7_7_151_150_1
The Outlast Trials,$29.99,"18 May, 2023",https://store.steampowered.com/app/1304930/The_Outlast_Trials/?snr=1_7_7_151_150_1
Apex Legends™,Free to Play,"4 Nov, 2020",https://store.steampowered.com/app/1172470/Apex_Legends/?snr=1_7_7_151_150_1
Starship Troopers: Extermination,$12.49,"17 May, 2023",https://store.steampowered.com/app/1268750/Starship_Troopers_Extermination/?snr=1_7_7_151_150_1
PUBG: BATTLEGROUNDS,Free to Play,"21 Dec, 2017",https://store.steampowered.com/app/578080/PUBG_BATTLEGROUNDS/?snr=1_7_7_151_150_1
EA SPORTS™ FIFA 23,discount from $69.99 to $20.99 (70%),"29 Sep, 2022",https://store.steampowered.com/app/1811260/EA_SPORTS_FIFA_23/?snr=1_7_7_151_150_1
Warframe,Free to Play,"25 Mar, 2013",https://store.steampowered.com/app/230410/Warframe/?snr=1_7_7_151_150_1
Rust,$19.99,"8 Feb, 2018",https://store.steampowered.com/app/252490/Rust/?snr=1_7_7_151_150_1
Yu-Gi-Oh! Master Duel,Free To Play,"18 Jan, 2022",https://store.steampowered.com/app/1449850/YuGiOh_Master_Duel/?snr=1_7_7_151_150_1
"Warhammer 40,000: Boltgun",discount from $17.99 to $16.19 (10%),"23 May, 2023",https://store.steampowered.com/app/2005010/Warhammer_40000_Boltgun/?snr=1_7_7_151_150_1
War Thunder  VR Supported,Free to Play,"15 Aug, 2013",https://store.steampowered.com/app/236390/War_Thunder/?snr=1_7_7_151_150_1
STAR WARS Jedi: Survivor™,$69.99,"27 Apr, 2023",https://store.steampowered.com/app/1774580/STAR_WARS_Jedi_Survivor/?snr=1_7_7_151_150_1
Grand Theft Auto V,none,"13 Apr, 2015",https://store.steampowered.com/app/271590/Grand_Theft_Auto_V/?snr=1_7_7_151_150_1
The Sims™ 4,Free To Play,"18 Jun, 2020",https://store.steampowered.com/app/1222670/The_Sims_4/?snr=1_7_7_151_150_1
Dota 2,Free to Play,"9 Jul, 2013",https://store.steampowered.com/app/570/Dota_2/?snr=1_7_7_151_150_1
Ready or Not,discount from $24.99 to $19.99 (20%),"17 Dec, 2021",https://store.steampowered.com/app/1144200/Ready_or_Not/?snr=1_7_7_151_150_1
Cities: Skylines,$19.99,"10 Mar, 2015",https://store.steampowered.com/app/255710/Cities_Skylines/?snr=1_7_7_151_150_1
Hogwarts Legacy,$26.99,"10 Feb, 2023",https://store.steampowered.com/app/990080/Hogwarts_Legacy/?snr=1_7_7_151_150_1
Summoners War: Chronicles,Free To Play,"9 Nov, 2022",https://store.steampowered.com/app/2167580/Summoners_War_Chronicles/?snr=1_7_7_151_150_1
Dead by Daylight,$12.59,"14 Jun, 2016",https://store.steampowered.com/app/381210/Dead_by_Daylight/?snr=1_7_7_151_150_1
Sid Meier’s Civilization® VI,discount from $29.99 to $2.99 (90%),"20 Oct, 2016",https://store.steampowered.com/app/289070/Sid_Meiers_Civilization_VI/?snr=1_7_7_151_150_1
ELDEN RING,$34.99,"24 Feb, 2022",https://store.steampowered.com/app/1245620/ELDEN_RING/?snr=1_7_7_151_150_1
V Rising,$10.49,"17 May, 2022",https://store.steampowered.com/app/1604030/V_Rising/?snr=1_7_7_151_150_2
Tom Clancy's Rainbow Six® Siege,$10.99,"1 Dec, 2015",https://store.steampowered.com/app/359550/Tom_Clancys_Rainbow_Six_Siege/?snr=1_7_7_151_150_2
Street Fighter™ 6,$59.99,"1 Jun, 2023",https://store.steampowered.com/app/1364780/Street_Fighter_6/?snr=1_7_7_151_150_2
Age of Wonders 4,$33.49,"2 May, 2023",https://store.steampowered.com/app/1669000/Age_of_Wonders_4/?snr=1_7_7_151_150_2
FINAL FANTASY XIV Online,$10.49,"18 Feb, 2014",https://store.steampowered.com/app/39210/FINAL_FANTASY_XIV_Online/?snr=1_7_7_151_150_2
Forza Horizon 5,$34.78,"8 Nov, 2021",https://store.steampowered.com/app/1551360/Forza_Horizon_5/?snr=1_7_7_151_150_2
Stellaris,$26.99,"9 May, 2016",https://store.steampowered.com/app/281990/Stellaris/?snr=1_7_7_151_150_2
It Takes Two,discount from $39.99 to $19.99 (50%),"25 Mar, 2021",https://store.steampowered.com/app/1426210/It_Takes_Two/?snr=1_7_7_151_150_2
Team Fortress 2,Free to Play,"10 Oct, 2007",https://store.steampowered.com/app/440/Team_Fortress_2/?snr=1_7_7_151_150_2
Hunt: Showdown,discount from $21.90 to $8.76 (60%),"27 Aug, 2019",https://store.steampowered.com/app/594650/Hunt_Showdown/?snr=1_7_7_151_150_2
Darkest Dungeon® II,$19.99,"8 May, 2023",https://store.steampowered.com/app/1940340/Darkest_Dungeon_II/?snr=1_7_7_151_150_2
Titanfall® 2,discount from $29.99 to $2.99 (90%),"18 Jun, 2020",https://store.steampowered.com/app/1237970/Titanfall_2/?snr=1_7_7_151_150_2
Path of Exile,Free to Play,"23 Oct, 2013",https://store.steampowered.com/app/238960/Path_of_Exile/?snr=1_7_7_151_150_2
Solasta: Crown of the Magister,discount from $18.99 to $5.69 (70%),"27 May, 2021",https://store.steampowered.com/app/1096530/Solasta_Crown_of_the_Magister/?snr=1_7_7_151_150_2
Total War: WARHAMMER II,discount from $46.99 to $15.97 (66%),"28 Sep, 2017",https://store.steampowered.com/app/594570/Total_War_WARHAMMER_II/?snr=1_7_7_151_150_2
New World,discount from $18.49 to $9.24 (50%),"28 Sep, 2021",https://store.steampowered.com/app/1063730/New_World/?snr=1_7_7_151_150_2
Horizon Zero Dawn™ Complete Edition,discount from $39.99 to $13.19 (67%),"7 Aug, 2020",https://store.steampowered.com/app/1151640/Horizon_Zero_Dawn_Complete_Edition/?snr=1_7_7_151_150_2
Phasmophobia  VR Supported,$7.99,"18 Sep, 2020",https://store.steampowered.com/app/739630/Phasmophobia/?snr=1_7_7_151_150_2
Sea of Thieves 2023 Edition,$18.49,"3 Jun, 2020",https://store.steampowered.com/app/1172620/Sea_of_Thieves_2023_Edition/?snr=1_7_7_151_150_2
Game of Thrones Winter is Coming,Free To Play,"14 Nov, 2019",https://store.steampowered.com/app/1105420/Game_of_Thrones_Winter_is_Coming/?snr=1_7_7_151_150_2
Project Zomboid,$10.49,"8 Nov, 2013",https://store.steampowered.com/app/108600/Project_Zomboid/?snr=1_7_7_151_150_2
Untitled Goose Game,$10.49,"23 Sep, 2020",https://store.steampowered.com/app/837470/Untitled_Goose_Game/?snr=1_7_7_151_150_2
Wallpaper Engine,$2.79,Nov 2018,https://store.steampowered.com/app/431960/Wallpaper_Engine/?snr=1_7_7_151_150_2
"Warhammer 40,000: Rogue Trader",none,Coming soon,https://store.steampowered.com/app/2186680/Warhammer_40000_Rogue_Trader/?snr=1_7_7_151_150_2
World of Warships,Free to Play,"15 Nov, 2017",https://store.steampowered.com/app/552990/World_of_Warships/?snr=1_7_7_151_150_2
Solarpunk - cozy survival craft game,none,Coming soon,https://store.steampowered.com/app/1805110/Solarpunk__cozy_survival_craft_game/?snr=1_7_7_151_150_3
For The King II,none,2023,https://store.steampowered.com/app/1676840/For_The_King_II/?snr=1_7_7_151_150_3
Gunfire Reborn - Artisan and Magician,none,"31 May, 2023",https://store.steampowered.com/app/2430400/Gunfire_Reborn__Artisan_and_Magician/?snr=1_7_7_151_150_3
RimWorld,$16.49,"17 Oct, 2018",https://store.steampowered.com/app/294100/RimWorld/?snr=1_7_7_151_150_3
"Warhammer 40,000: Speed Freeks",Free To Play,Coming soon,https://store.steampowered.com/app/2078450/Warhammer_40000_Speed_Freeks/?snr=1_7_7_151_150_3
DREDGE,$12.49,"30 Mar, 2023",https://store.steampowered.com/app/1562430/DREDGE/?snr=1_7_7_151_150_3
Euro Truck Simulator 2,$11.99,"12 Oct, 2012",https://store.steampowered.com/app/227300/Euro_Truck_Simulator_2/?snr=1_7_7_151_150_3
Squad,discount from $22.99 to $17.24 (25%),"23 Sep, 2020",https://store.steampowered.com/app/393380/Squad/?snr=1_7_7_151_150_3
STAR WARS™: The Old Republic™,Free To Play,"21 Jul, 2020",https://store.steampowered.com/app/1286830/STAR_WARS_The_Old_Republic/?snr=1_7_7_151_150_3
Age of Empires II: Definitive Edition,$19.99,"14 Nov, 2019",https://store.steampowered.com/app/813780/Age_of_Empires_II_Definitive_Edition/?snr=1_7_7_151_150_3
Microsoft Flight Simulator 40th Anniversary Edition  VR Supported,$59.99,"17 Aug, 2020",https://store.steampowered.com/app/1250410/Microsoft_Flight_Simulator_40th_Anniversary_Edition/?snr=1_7_7_151_150_3
Call of Duty®: Black Ops III,$31.99,"5 Nov, 2015",https://store.steampowered.com/app/311210/Call_of_Duty_Black_Ops_III/?snr=1_7_7_151_150_3
Warhammer Age of Sigmar: Realms of Ruin,none,Coming soon,https://store.steampowered.com/app/1844380/Warhammer_Age_of_Sigmar_Realms_of_Ruin/?snr=1_7_7_151_150_3
Divinity: Original Sin 2 - Definitive Edition,discount from $24.99 to $9.99 (60%),"14 Sep, 2017",https://store.steampowered.com/app/435150/Divinity_Original_Sin_2__Definitive_Edition/?snr=1_7_7_151_150_3
Demonologist,$10.00,"27 Mar, 2023",https://store.steampowered.com/app/1929610/Demonologist/?snr=1_7_7_151_150_3
Stick Fight: The Game,$2.99,"28 Sep, 2017",https://store.steampowered.com/app/674940/Stick_Fight_The_Game/?snr=1_7_7_151_150_3
Battlefield™ 2042,discount from $59.99 to $14.99 (75%),"19 Nov, 2021",https://store.steampowered.com/app/1517290/Battlefield_2042/?snr=1_7_7_151_150_3
Borderlands Game of the Year,discount from $19.99 to $6.59 (67%),"26 Oct, 2009",https://store.steampowered.com/app/8980/Borderlands_Game_of_the_Year/?snr=1_7_7_151_150_3
Need for Speed™ Unbound,discount from $69.99 to $20.99 (70%),"1 Dec, 2022",https://store.steampowered.com/app/1846380/Need_for_Speed_Unbound/?snr=1_7_7_151_150_3
Mass Effect™ Legendary Edition,discount from $59.99 to $14.99 (75%),"14 May, 2021",https://store.steampowered.com/app/1328670/Mass_Effect_Legendary_Edition/?snr=1_7_7_151_150_3
Jurassic World Evolution 2,discount from $27.99 to $6.99 (75%),"9 Nov, 2021",https://store.steampowered.com/app/1244460/Jurassic_World_Evolution_2/?snr=1_7_7_151_150_3
Evil Dead: The Game,$16.49,"26 Apr, 2023",https://store.steampowered.com/app/1493750/Evil_Dead_The_Game/?snr=1_7_7_151_150_3
The Elder Scrolls IV: Oblivion® Game of the Year Edition Deluxe,$19.99,"16 Jun, 2009",https://store.steampowered.com/app/900883/The_Elder_Scrolls_IV_Oblivion_Game_of_the_Year_Edition_Deluxe/?snr=1_7_7_151_150_3
ARK: Survival Evolved,$10.49,"27 Aug, 2017",https://store.steampowered.com/app/346110/ARK_Survival_Evolved/?snr=1_7_7_151_150_3
"Warhammer 40,000: Space Marine 2",none,2023,https://store.steampowered.com/app/2183900/Warhammer_40000_Space_Marine_2/?snr=1_7_7_151_150_3
F1® 23  VR Supported,$69.99,"15 Jun, 2023",https://store.steampowered.com/app/2108330/F1_23/?snr=1_7_7_151_150_4
HoloCure - Save the Fans!,Free,To be announced,https://store.steampowered.com/app/2420510/HoloCure__Save_the_Fans/?snr=1_7_7_151_150_4
BeamNG.drive,$12.49,"29 May, 2015",https://store.steampowered.com/app/284160/BeamNGdrive/?snr=1_7_7_151_150_4
MONSTER HUNTER RISE,$39.99,"12 Jan, 2022",https://store.steampowered.com/app/1446780/MONSTER_HUNTER_RISE/?snr=1_7_7_151_150_4
World of Tanks Blitz,Free to Play,"9 Nov, 2016",https://store.steampowered.com/app/444200/World_of_Tanks_Blitz/?snr=1_7_7_151_150_4
Grounded,$18.49,"27 Sep, 2022",https://store.steampowered.com/app/962130/Grounded/?snr=1_7_7_151_150_4
Don't Starve Together,$8.49,"21 Apr, 2016",https://store.steampowered.com/app/322330/Dont_Starve_Together/?snr=1_7_7_151_150_4
Enshrouded,none,2023,https://store.steampowered.com/app/1203620/Enshrouded/?snr=1_7_7_151_150_4
Hell Let Loose,$24.99,"27 Jul, 2021",https://store.steampowered.com/app/686810/Hell_Let_Loose/?snr=1_7_7_151_150_4
Terraria,$6.99,"16 May, 2011",https://store.steampowered.com/app/105600/Terraria/?snr=1_7_7_151_150_4
Call of Duty®: Modern Warfare® II - BlackCell (Season 03),$29.99,"12 Apr, 2023",https://store.steampowered.com/app/2228970/Call_of_Duty_Modern_Warfare_II__BlackCell_Season_03/?snr=1_7_7_151_150_4
The Last of Us™ Part I,$49.99,"28 Mar, 2023",https://store.steampowered.com/app/1888930/The_Last_of_Us_Part_I/?snr=1_7_7_151_150_4
Dead Space,discount from $59.99 to $47.99 (20%),"27 Jan, 2023",https://store.steampowered.com/app/1693980/Dead_Space/?snr=1_7_7_151_150_4
GUILTY GEAR -STRIVE-,$18.49,"11 Jun, 2021",https://store.steampowered.com/app/1384160/GUILTY_GEAR_STRIVE/?snr=1_7_7_151_150_4
Total War: WARHAMMER,discount from $46.99 to $11.74 (75%),"24 May, 2016",https://store.steampowered.com/app/364360/Total_War_WARHAMMER/?snr=1_7_7_151_150_4
Football Manager 2023,$39.99,"7 Nov, 2022",https://store.steampowered.com/app/1904540/Football_Manager_2023/?snr=1_7_7_151_150_4
"Warhammer 40,000: Darktide",discount from $29.99 to $20.99 (30%),"30 Nov, 2022",https://store.steampowered.com/app/1361210/Warhammer_40000_Darktide/?snr=1_7_7_151_150_4
Russian Fishing 4,Free To Play,"10 Nov, 2021",https://store.steampowered.com/app/766570/Russian_Fishing_4/?snr=1_7_7_151_150_4
Call of Duty®: Modern Warfare® II - Demon Deer: Pro Pack,$19.99,"19 May, 2023",https://store.steampowered.com/app/2387940/Call_of_Duty_Modern_Warfare_II__Demon_Deer_Pro_Pack/?snr=1_7_7_151_150_4
Ashfall,none,Q3 2024,https://store.steampowered.com/app/2131860/Ashfall/?snr=1_7_7_151_150_4
Valheim,$10.49,"2 Feb, 2021",https://store.steampowered.com/app/892970/Valheim/?snr=1_7_7_151_150_4
Guild Wars 2,Free To Play,"23 Aug, 2022",https://store.steampowered.com/app/1284210/Guild_Wars_2/?snr=1_7_7_151_150_4
The Elder Scrolls V: Skyrim Special Edition,$24.99,"27 Oct, 2016",https://store.steampowered.com/app/489830/The_Elder_Scrolls_V_Skyrim_Special_Edition/?snr=1_7_7_151_150_4
Albion Online,Free to Play,"16 May, 2018",https://store.steampowered.com/app/761890/Albion_Online/?snr=1_7_7_151_150_4
Battlefield™ V,discount from $49.99 to $12.49 (75%),"22 Oct, 2020",https://store.steampowered.com/app/1238810/Battlefield_V/?snr=1_7_7_151_150_4
HELLDIVERS™ 2,none,2023,https://store.steampowered.com/app/553850/HELLDIVERS_2/?snr=1_7_7_151_150_5
Destiny 2: Season of the Deep Silver Bundle,$14.99,"23 May, 2023",https://store.steampowered.com/app/2218000/Destiny_2_Season_of_the_Deep_Silver_Bundle/?snr=1_7_7_151_150_5
Duck Game,$7.49,"4 Jun, 2015",https://store.steampowered.com/app/312530/Duck_Game/?snr=1_7_7_151_150_5
Unrecord,none,To be announced,https://store.steampowered.com/app/2381520/Unrecord/?snr=1_7_7_151_150_5
Sky: Children of the Light,Free To Play,To be announced,https://store.steampowered.com/app/2325290/Sky_Children_of_the_Light/?snr=1_7_7_151_150_5
Yu-Gi-Oh! Duel Links,Free to Play,"16 Nov, 2017",https://store.steampowered.com/app/601510/YuGiOh_Duel_Links/?snr=1_7_7_151_150_5
American Truck Simulator,$11.99,"2 Feb, 2016",https://store.steampowered.com/app/270880/American_Truck_Simulator/?snr=1_7_7_151_150_5
Last Epoch,$16.49,"30 Apr, 2019",https://store.steampowered.com/app/899770/Last_Epoch/?snr=1_7_7_151_150_5
"Warhammer 40,000: Gladius - Relics of War",discount from $0.00 to Free (100%),"12 Jul, 2018",https://store.steampowered.com/app/489630/Warhammer_40000_Gladius__Relics_of_War/?snr=1_7_7_151_150_5
Marvel’s Spider-Man Remastered,$49.99,"12 Aug, 2022",https://store.steampowered.com/app/1817070/Marvels_SpiderMan_Remastered/?snr=1_7_7_151_150_5
X4: Foundations,discount from $22.99 to $13.79 (40%),"30 Nov, 2018",https://store.steampowered.com/app/392160/X4_Foundations/?snr=1_7_7_151_150_5
"Warhammer® 40,000: Dawn of War® - Game of the Year Edition",discount from $6.99 to $1.74 (75%),"14 May, 2014",https://store.steampowered.com/app/4570/Warhammer_40000_Dawn_of_War__Game_of_the_Year_Edition/?snr=1_7_7_151_150_5
Bloons TD 6,$13.99,"17 Dec, 2018",https://store.steampowered.com/app/960090/Bloons_TD_6/?snr=1_7_7_151_150_5
MARVEL SNAP,Free,"18 Oct, 2022",https://store.steampowered.com/app/1997040/MARVEL_SNAP/?snr=1_7_7_151_150_5
Automation - The Car Company Tycoon Game,$14.49,"12 Mar, 2015",https://store.steampowered.com/app/293760/Automation__The_Car_Company_Tycoon_Game/?snr=1_7_7_151_150_5
Gold Rush: The Game,discount from $10.49 to $5.24 (50%),"13 Oct, 2017",https://store.steampowered.com/app/451340/Gold_Rush_The_Game/?snr=1_7_7_151_150_5
Warhammer: Vermintide 2,discount from $17.99 to $3.59 (80%),"8 Mar, 2018",https://store.steampowered.com/app/552500/Warhammer_Vermintide_2/?snr=1_7_7_151_150_5
Pummel Party,$8.49,"20 Sep, 2018",https://store.steampowered.com/app/880940/Pummel_Party/?snr=1_7_7_151_150_5
Garry's Mod,$6.99,"29 Nov, 2006",https://store.steampowered.com/app/4000/Garrys_Mod/?snr=1_7_7_151_150_5
theHunter: Call of the Wild™,$10.49,"16 Feb, 2017",https://store.steampowered.com/app/518790/theHunter_Call_of_the_Wild/?snr=1_7_7_151_150_5
Battlefield™ 1,discount from $39.99 to $9.99 (75%),"11 Jun, 2020",https://store.steampowered.com/app/1238840/Battlefield_1/?snr=1_7_7_151_150_5
The Binding of Isaac: Rebirth,$8.00,"4 Nov, 2014",https://store.steampowered.com/app/250900/The_Binding_of_Isaac_Rebirth/?snr=1_7_7_151_150_5
Assetto Corsa  VR Supported,$10.49,"19 Dec, 2014",https://store.steampowered.com/app/244210/Assetto_Corsa/?snr=1_7_7_151_150_5
Stellaris: Galactic Paragons,$10.49,"9 May, 2023",https://store.steampowered.com/app/2380030/Stellaris_Galactic_Paragons/?snr=1_7_7_151_150_5
DCS World Steam Edition  VR Supported,Free,"2 Aug, 2013",https://store.steampowered.com/app/223750/DCS_World_Steam_Edition/?snr=1_7_7_151_150_5
Stellaris: Galactic Paragons,$10.49,"9 May, 2023",https://store.steampowered.com/app/2380030/Stellaris_Galactic_Paragons/?snr=1_7_7_151_150_6
DCS World Steam Edition  VR Supported,Free,"2 Aug, 2013",https://store.steampowered.com/app/223750/DCS_World_Steam_Edition/?snr=1_7_7_151_150_6
Town of Salem 2,discount from $9.99 to $8.99 (10%),"26 May, 2023",https://store.steampowered.com/app/2140510/Town_of_Salem_2/?snr=1_7_7_151_150_6
Shadows of Doubt,$14.49,"24 Apr, 2023",https://store.steampowered.com/app/986130/Shadows_of_Doubt/?snr=1_7_7_151_150_6
Gunsmith Simulator,none,June 2023,https://store.steampowered.com/app/1101120/Gunsmith_Simulator/?snr=1_7_7_151_150_6
Age of Empires IV: Anniversary Edition,$27.99,"28 Oct, 2021",https://store.steampowered.com/app/1466860/Age_of_Empires_IV_Anniversary_Edition/?snr=1_7_7_151_150_6
Fallout 76,$19.99,"14 Apr, 2020",https://store.steampowered.com/app/1151340/Fallout_76/?snr=1_7_7_151_150_6
Viewfinder,none,2023,https://store.steampowered.com/app/1382070/Viewfinder/?snr=1_7_7_151_150_6
Planet Zoo,$43.99,"5 Nov, 2019",https://store.steampowered.com/app/703080/Planet_Zoo/?snr=1_7_7_151_150_6
Europa Universalis IV,$26.99,"13 Aug, 2013",https://store.steampowered.com/app/236850/Europa_Universalis_IV/?snr=1_7_7_151_150_6
Beat Saber  VR Only,$14.49,"21 May, 2019",https://store.steampowered.com/app/620980/Beat_Saber/?snr=1_7_7_151_150_6
Lil Gator Game,$10.49,"14 Dec, 2022",https://store.steampowered.com/app/1586800/Lil_Gator_Game/?snr=1_7_7_151_150_6
Age of Empires II: Definitive Edition - Return of Rome,$14.99,"16 May, 2023",https://store.steampowered.com/app/2141580/Age_of_Empires_II_Definitive_Edition__Return_of_Rome/?snr=1_7_7_151_150_6
Conan Exiles,$22.99,"8 May, 2018",https://store.steampowered.com/app/440900/Conan_Exiles/?snr=1_7_7_151_150_6
Victoria 3,$33.49,"25 Oct, 2022",https://store.steampowered.com/app/529340/Victoria_3/?snr=1_7_7_151_150_6
Out of Action,none,To be announced,https://store.steampowered.com/app/1670780/Out_of_Action/?snr=1_7_7_151_150_6
Mechabellum,$6.29,"11 May, 2023",https://store.steampowered.com/app/669330/Mechabellum/?snr=1_7_7_151_150_6
Never Grave: The Witch and The Curse,none,To be announced,https://store.steampowered.com/app/2395770/Never_Grave_The_Witch_and_The_Curse/?snr=1_7_7_151_150_6
Sekiro™: Shadows Die Twice - GOTY Edition,$31.99,"21 Mar, 2019",https://store.steampowered.com/app/814380/Sekiro_Shadows_Die_Twice__GOTY_Edition/?snr=1_7_7_151_150_6
Crab Champions,$6.29,"1 Apr, 2023",https://store.steampowered.com/app/774801/Crab_Champions/?snr=1_7_7_151_150_6
Voidtrain,$14.99,"9 May, 2023",https://store.steampowered.com/app/1159690/Voidtrain/?snr=1_7_7_151_150_6
War Robots,Free To Play,"4 Apr, 2018",https://store.steampowered.com/app/767560/War_Robots/?snr=1_7_7_151_150_6
Game Dev Tycoon,$6.29,"29 Aug, 2013",https://store.steampowered.com/app/239820/Game_Dev_Tycoon/?snr=1_7_7_151_150_6
Laysara: Summit Kingdom,none,2023,https://store.steampowered.com/app/1823950/Laysara_Summit_Kingdom/?snr=1_7_7_151_150_6
Stranded: Alien Dawn,$22.99,"25 Apr, 2023",https://store.steampowered.com/app/1324130/Stranded_Alien_Dawn/?snr=1_7_7_151_150_6
Left 4 Dead 2,$6.29,"16 Nov, 2009",https://store.steampowered.com/app/550/Left_4_Dead_2/?snr=1_7_7_151_150_7
Risk of Rain 2,$12.49,"11 Aug, 2020",https://store.steampowered.com/app/632360/Risk_of_Rain_2/?snr=1_7_7_151_150_7
Volcano Princess,$10.99,"20 Apr, 2023",https://store.steampowered.com/app/1669980/Volcano_Princess/?snr=1_7_7_151_150_7
Factorio,$17.00,"14 Aug, 2020",https://store.steampowered.com/app/427520/Factorio/?snr=1_7_7_151_150_7
House Flipper,$12.49,"17 May, 2018",https://store.steampowered.com/app/613100/House_Flipper/?snr=1_7_7_151_150_7
Satisfactory,$14.99,"8 Jun, 2020",https://store.steampowered.com/app/526870/Satisfactory/?snr=1_7_7_151_150_7
The Game of Life 2,$7.99,"11 Dec, 2020",https://store.steampowered.com/app/1455630/The_Game_of_Life_2/?snr=1_7_7_151_150_7
Friday the 13th: The Game,$8.49,"25 May, 2017",https://store.steampowered.com/app/438740/Friday_the_13th_The_Game/?snr=1_7_7_151_150_7
The Highrise,none,"29 May, 2023",https://store.steampowered.com/app/1273480/The_Highrise/?snr=1_7_7_151_150_7
Dying Light 2 Stay Human,$34.99,"3 Feb, 2022",https://store.steampowered.com/app/534380/Dying_Light_2_Stay_Human/?snr=1_7_7_151_150_7
ULTRAKILL,$12.49,"3 Sep, 2020",https://store.steampowered.com/app/1229490/ULTRAKILL/?snr=1_7_7_151_150_7
Assetto Corsa Competizione  VR Supported,$29.99,"29 May, 2019",https://store.steampowered.com/app/805550/Assetto_Corsa_Competizione/?snr=1_7_7_151_150_7
Mount & Blade II: Bannerlord,$27.99,"25 Oct, 2022",https://store.steampowered.com/app/261550/Mount__Blade_II_Bannerlord/?snr=1_7_7_151_150_7
The Talos Principle 2,none,2023,https://store.steampowered.com/app/835960/The_Talos_Principle_2/?snr=1_7_7_151_150_7
Amnesia: The Bunker,none,"6 Jun, 2023",https://store.steampowered.com/app/1944430/Amnesia_The_Bunker/?snr=1_7_7_151_150_7
SCUM,$18.49,"29 Aug, 2018",https://store.steampowered.com/app/513710/SCUM/?snr=1_7_7_151_150_7
World of Tanks,Free To Play,"28 Apr, 2021",https://store.steampowered.com/app/1407200/World_of_Tanks/?snr=1_7_7_151_150_7
Leaf Blower Revolution - Idle Game,Free To Play,"4 Dec, 2020",https://store.steampowered.com/app/1468260/Leaf_Blower_Revolution__Idle_Game/?snr=1_7_7_151_150_7
Tabletop Simulator  VR Supported,$12.59,"5 Jun, 2015",https://store.steampowered.com/app/286160/Tabletop_Simulator/?snr=1_7_7_151_150_7
Cult of the Lamb,$17.99,"11 Aug, 2022",https://store.steampowered.com/app/1313140/Cult_of_the_Lamb/?snr=1_7_7_151_150_7
Graveyard Keeper - Game Of Crone,discount from $6.29 to $2.20 (65%),"27 Oct, 2020",https://store.steampowered.com/app/1430990/Graveyard_Keeper__Game_Of_Crone/?snr=1_7_7_151_150_7
Happy Game,$5.99,"28 Oct, 2021",https://store.steampowered.com/app/1206060/Happy_Game/?snr=1_7_7_151_150_7
KARDS - The WW2 Card Game,Free To Play,"15 Apr, 2020",https://store.steampowered.com/app/544810/KARDS__The_WW2_Card_Game/?snr=1_7_7_151_150_7
DRAGON BALL FighterZ,discount from $49.99 to $7.99 (84%),"26 Jan, 2018",https://store.steampowered.com/app/678950/DRAGON_BALL_FighterZ/?snr=1_7_7_151_150_7
Fallout 4,$12.99,"9 Nov, 2015",https://store.steampowered.com/app/377160/Fallout_4/?snr=1_7_7_151_150_7
鬼谷八荒 Tale of Immortal,discount from $10.49 to $7.86 (25%),"26 May, 2023",https://store.steampowered.com/app/1468810/_Tale_of_Immortal/?snr=1_7_7_151_150_8
KARDS - The WW2 Card Game,Free To Play,"15 Apr, 2020",https://store.steampowered.com/app/544810/KARDS__The_WW2_Card_Game/?snr=1_7_7_151_150_8
Ghostrunner 2,none,2023,https://store.steampowered.com/app/2144740/Ghostrunner_2/?snr=1_7_7_151_150_8
WWE 2K23,$59.99,"16 Mar, 2023",https://store.steampowered.com/app/1942660/WWE_2K23/?snr=1_7_7_151_150_8
Bread & Fred,discount from $7.87 to $7.08 (10%),"23 May, 2023",https://store.steampowered.com/app/1607680/Bread__Fred/?snr=1_7_7_151_150_8
ARMORED CORE VI FIRES OF RUBICON,$39.99,"24 Aug, 2023",https://store.steampowered.com/app/1888160/ARMORED_CORE_VI_FIRES_OF_RUBICON/?snr=1_7_7_151_150_8
Halo: The Master Chief Collection,$18.49,"3 Dec, 2019",https://store.steampowered.com/app/976730/Halo_The_Master_Chief_Collection/?snr=1_7_7_151_150_8
The Sims™ 4 Dream Home Decorator Game Pack,discount from $19.99 to $13.99 (30%),"1 Jun, 2021",https://store.steampowered.com/app/1458151/The_Sims_4_Dream_Home_Decorator_Game_Pack/?snr=1_7_7_151_150_8
Roots of Pacha,$16.49,"25 Apr, 2023",https://store.steampowered.com/app/1245560/Roots_of_Pacha/?snr=1_7_7_151_150_8
IdleOn - The Idle MMO,Free To Play,"2 Apr, 2021",https://store.steampowered.com/app/1476970/IdleOn__The_Idle_MMO/?snr=1_7_7_151_150_8
"Warhammer 40,000: Battlesector",discount from $18.49 to $10.16 (45%),"22 Jul, 2021",https://store.steampowered.com/app/1295500/Warhammer_40000_Battlesector/?snr=1_7_7_151_150_8
Manor Lords,none,2023,https://store.steampowered.com/app/1363080/Manor_Lords/?snr=1_7_7_151_150_8
Fallout 3: Game of the Year Edition,$12.99,"17 Dec, 2009",https://store.steampowered.com/app/22370/Fallout_3_Game_of_the_Year_Edition/?snr=1_7_7_151_150_8
Phantasy Star Online 2 New Genesis,Free To Play,"5 Aug, 2020",https://store.steampowered.com/app/1056640/Phantasy_Star_Online_2_New_Genesis/?snr=1_7_7_151_150_8
Layers of Fear,none,"15 Jun, 2023",https://store.steampowered.com/app/1946700/Layers_of_Fear/?snr=1_7_7_151_150_8
Arma 3,$29.99,"12 Sep, 2013",https://store.steampowered.com/app/107410/Arma_3/?snr=1_7_7_151_150_8
Starfield,none,"6 Sep, 2023",https://store.steampowered.com/app/1716740/Starfield/?snr=1_7_7_151_150_8
The Elder Scrolls IV: Oblivion® Game of the Year Edition,$14.99,"16 Jun, 2009",https://store.steampowered.com/app/22330/The_Elder_Scrolls_IV_Oblivion_Game_of_the_Year_Edition/?snr=1_7_7_151_150_8
Far Cry® 6,$32.99,"11 May, 2023",https://store.steampowered.com/app/2369390/Far_Cry_6/?snr=1_7_7_151_150_8
EVE Online,Free To Play,"15 Dec, 2010",https://store.steampowered.com/app/8500/EVE_Online/?snr=1_7_7_151_150_8
Graveyard Keeper,discount from $10.49 to $3.67 (65%),"15 Aug, 2018",https://store.steampowered.com/app/599140/Graveyard_Keeper/?snr=1_7_7_151_150_8
HITMAN 3  VR Supported,$31.99,"20 Jan, 2022",https://store.steampowered.com/app/1659040/HITMAN_3/?snr=1_7_7_151_150_8
For The King,discount from $10.49 to $2.62 (75%),"19 Apr, 2018",https://store.steampowered.com/app/527230/For_The_King/?snr=1_7_7_151_150_8
GWENT: The Witcher Card Game,Free To Play,"19 May, 2020",https://store.steampowered.com/app/1284410/GWENT_The_Witcher_Card_Game/?snr=1_7_7_151_150_8
Tap Ninja - Idle game,Free To Play,"17 Mar, 2022",https://store.steampowered.com/app/1891700/Tap_Ninja__Idle_game/?snr=1_7_7_151_150_8
Space Engineers,$19.99,"28 Feb, 2019",https://store.steampowered.com/app/244850/Space_Engineers/?snr=1_7_7_151_150_9
Plants vs. Zombies™ Garden Warfare 2: Deluxe Edition,discount from $29.99 to $4.79 (84%),"16 May, 2022",https://store.steampowered.com/app/1922560/Plants_vs_Zombies_Garden_Warfare_2_Deluxe_Edition/?snr=1_7_7_151_150_9
Omega Strikers,Free To Play,"27 Apr, 2023",https://store.steampowered.com/app/1869590/Omega_Strikers/?snr=1_7_7_151_150_9
Crusader Kings III: Legacy of Persia,none,Coming soon,https://store.steampowered.com/app/2313540/Crusader_Kings_III_Legacy_of_Persia/?snr=1_7_7_151_150_9
BattleBit Remastered,Free,June 2023,https://store.steampowered.com/app/671860/BattleBit_Remastered/?snr=1_7_7_151_150_9
The Jackbox Party Pack 9,discount from $14.49 to $9.41 (35%),"19 Oct, 2022",https://store.steampowered.com/app/1850960/The_Jackbox_Party_Pack_9/?snr=1_7_7_151_150_9
GWENT: The Witcher Card Game,Free To Play,"19 May, 2020",https://store.steampowered.com/app/1284410/GWENT_The_Witcher_Card_Game/?snr=1_7_7_151_150_9
Vampire Survivors,$3.49,"20 Oct, 2022",https://store.steampowered.com/app/1794680/Vampire_Survivors/?snr=1_7_7_151_150_9
Forza Horizon 4,$27.99,"9 Mar, 2021",https://store.steampowered.com/app/1293830/Forza_Horizon_4/?snr=1_7_7_151_150_9
Skater XL - The Ultimate Skateboarding Game,$18.49,"28 Jul, 2020",https://store.steampowered.com/app/962730/Skater_XL__The_Ultimate_Skateboarding_Game/?snr=1_7_7_151_150_9
Tap Ninja - Idle game,Free To Play,"17 Mar, 2022",https://store.steampowered.com/app/1891700/Tap_Ninja__Idle_game/?snr=1_7_7_151_150_9
OCTOPATH TRAVELER II,$49.99,"24 Feb, 2023",https://store.steampowered.com/app/1971650/OCTOPATH_TRAVELER_II/?snr=1_7_7_151_150_9
Timberborn,discount from $12.49 to $9.99 (20%),"15 Sep, 2021",https://store.steampowered.com/app/1062090/Timberborn/?snr=1_7_7_151_150_9
GROUND BRANCH,$14.49,"14 Aug, 2018",https://store.steampowered.com/app/16900/GROUND_BRANCH/?snr=1_7_7_151_150_9
Inkbound,$10.49,"22 May, 2023",https://store.steampowered.com/app/1062810/Inkbound/?snr=1_7_7_151_150_9
Car Mechanic Simulator 2021,$12.49,"11 Aug, 2021",https://store.steampowered.com/app/1190000/Car_Mechanic_Simulator_2021/?snr=1_7_7_151_150_9
Crab Game,Free,"29 Oct, 2021",https://store.steampowered.com/app/1782210/Crab_Game/?snr=1_7_7_151_150_9
Station to Station,none,2023,https://store.steampowered.com/app/2272400/Station_to_Station/?snr=1_7_7_151_150_9
The Witcher® 3: Wild Hunt,$19.99,"18 May, 2015",https://store.steampowered.com/app/292030/The_Witcher_3_Wild_Hunt/?snr=1_7_7_151_150_9
GameCreator,$39.99,"26 Oct, 2022",https://store.steampowered.com/app/1570130/GameCreator/?snr=1_7_7_151_150_9
RuneScape ®,Free To Play,"14 Oct, 2020",https://store.steampowered.com/app/1343400/RuneScape/?snr=1_7_7_151_150_9
Call of Duty®: Black Ops Cold War,$59.99,"8 Mar, 2023",https://store.steampowered.com/app/1985810/Call_of_Duty_Black_Ops_Cold_War/?snr=1_7_7_151_150_9
"Warhammer 40,000: Inquisitor - Martyr",discount from $22.99 to $4.59 (80%),"5 Jun, 2018",https://store.steampowered.com/app/527430/Warhammer_40000_Inquisitor__Martyr/?snr=1_7_7_151_150_9
Eternal Card Game,Free To Play,"15 Nov, 2018",https://store.steampowered.com/app/531640/Eternal_Card_Game/?snr=1_7_7_151_150_9
GameMaker,Free To Play,"4 May, 2022",https://store.steampowered.com/app/1670460/GameMaker/?snr=1_7_7_151_150_9
